Networks,Missing Graphlets,Missing Tests

as_caida20040105,,
as_caida20040705,,
as_caida20050103,,
as_caida20050704,,
as_caida20060116,,
as_caida20060417,,
as_caida20060918,,
as_caida20070115,,
as_caida20070730,,
as_caida20071105,,
cit_citeseer,,
cit_cora,,
cit_dblp_cite,,
cit_HepPh,,
cit_HepTh,,
cit_Kohonen,,
cit_Lederberg,,
cit_SciMet,,
cit_Zewail,,
elec_b12_0,,
elec_b14s_0,,
elec_b15s_0,,
elec_b17s_0,,
elec_b20s_0,,
elec_b21s_0,,
elec_b22s_0,,
elec_s13207_0,,
elec_s15850_0,,
elec_s38417_0,,
elec_s38584_0,,
elec_s5378_0,,
elec_s9234_0,,
hl_berkstan_web,T36 ,Q204:10 Q6552:10 T36:10 
hl_foldoc,,
hl_google,,
hl_google_web,,
hl_notre_dame_web,,
hl_polblogs,,
hl_stanford_web,,
hl_trec_web,,
hl_wiki_hyperLink_uz,Q204 Q2252 T36 ,Q204:10 Q2252:10 T36:10 
hl_wiki_link_dyn_add,,
hl_wiki_link_dyn_rem,,
soc_academia_eu,,
soc_email_Eu_core,,
soc_google_plus,,
soc_myspace_aminer,,
soc_qa_user_askubuntu,,
soc_qa_user_mathoverflow,,
soc_twitter_event_Cannes2013,,
soc_twitter_event_MoscvowAthletics2013,,
soc_twitter_event_NYClimateMarch2014,,
soc_wiki_talk_ar,Q204 T14 T6 T78 ,Q204:10 T14:10 T6:10 T78:10 
soc_wiki_talk_fr,Q204 T6 ,Q204:10 T6:10 
sps_nosym_amazon0302,,
sps_nosym_amazon0312,,
sps_nosym_amazon0505,,
sps_nosym_amazon0601,,
sps_nosym_amazon_2008,,
sps_nosym_barth4,,
sps_nosym_barth5,,
sps_nosym_barth,,
sps_nosym_California,,
sps_nosym_cnr_2000,,
sps_nosym_CSphd,,
sps_nosym_email_EuAll,,
sps_nosym_enron,,
sps_nosym_EPA,,
sps_nosym_EVA,,
sps_nosym_GD06_Java,,
sps_nosym_HEP_th,,
sps_nosym_higgs_twitter,Q204 Q2252 T36 ,Q204:10 Q2252:10 T36:10 
sps_nosym_NotreDame_www,,
sps_nosym_p2p_Gnutella04,,
sps_nosym_p2p_Gnutella05,,
sps_nosym_p2p_Gnutella06,,
sps_nosym_p2p_Gnutella08,,
sps_nosym_p2p_Gnutella09,,
sps_nosym_p2p_Gnutella24,,
sps_nosym_p2p_Gnutella25,,
sps_nosym_p2p_Gnutella30,,
sps_nosym_p2p_Gnutella31,,
sps_nosym_rajat01,,
sps_nosym_Roget,,
sps_nosym_soc_Epinions1,,
sps_nosym_soc_Slashdot0811,,
sps_nosym_soc_Slashdot0902,,
sps_nosym_Stanford_Berkeley,T6 ,Q204:10 Q222:10 T6:10 
sps_nosym_wb_cs_stanford,,
sps_nosym_wiki_Vote,,
sps_sym_ca_AstroPh,,
sps_sym_ccc,,
sps_sym_copter2,,
sps_sym_delaunay_n15,,
sps_sym_fe_rotor,,
sps_sym_ford1,,
sps_sym_g3rmt3m3,,
sps_sym_jagmesh5,,
sps_sym_lock2232,,
sps_sym_lshp2614,,
sps_sym_lshp3466,,
sps_sym_net100,,
sps_sym_net75,,
sps_sym_onera_dual,,
sps_sym_pct20stif,,
sps_sym_pkustk11,,
sps_sym_pkustk12,,
sps_sym_rajat08,,
sps_sym_s4dkt3m2,,
sps_sym_shock_9,,
sps_sym_vsp_befref_fxm_2_4_air02,,
sps_sym_vsp_model1_crew1_cr42_south31,,
sps_sym_vsp_p0291_seymourl_iiasa,,
sps_sym_vsp_sctap1_2b_and_seymourl,,
sps_sym_vsp_vibrobox_scagr7_2c_rlfddd,,
trsp_chicago_road,,
trsp_openflights,,
trsp_street_network_01_AL_cities_0107000_Birmingham,,
trsp_street_network_01_AL_counties_01073_Jefferson,,
trsp_street_network_04_AZ_counties_04013_Maricopa,,
trsp_street_network_06_CA_cities_0653000_Oakland,,
trsp_street_network_36_NY_cities_3651000_NewYork,,
trsp_street_network_36_NY_counties_36081_Queens,,
trsp_street_network_48_TX_urbanizedAreas_22042_Dallas_FortWorth_Arlingto,,